,rat,day,trials_available,arm_added,days_since_new_arm
0,BP06,7,"{1, 2}",True,0
1,BP06,8,"{1, 2}",False,1
2,BP06,9,"{1, 2, 3}",True,0
3,BP06,10,"{1, 2, 3}",False,1
4,BP06,11,"{1, 2, 3, 4}",True,0
5,BP06,12,"{1, 2, 3, 4}",False,1
6,BP06,13,"{1, 2, 3, 4}",False,2
7,BP06,14,"{1, 2, 3, 4}",False,3
8,BP06,15,"{1, 2, 3, 4, 5}",True,0
9,BP06,16,"{1, 2, 3, 4, 5}",False,1
10,BP06,17,"{1, 2, 3, 4, 5}",False,2
11,BP06,18,"{1, 2, 3, 4, 5}",False,3
12,BP06,19,"{1, 2, 3, 4, 5}",False,4
13,BP06,20,"{1, 2, 3, 4, 5}",False,5
14,BP06,21,"{1, 2, 3, 4, 5}",False,6
15,BP06,22,"{1, 2, 3, 4, 5}",False,7
16,BP07,1,"{1, 2}",True,0
17,BP07,2,"{1, 2}",False,1
18,BP07,3,"{1, 2}",False,2
19,BP07,4,"{1, 2}",False,3
20,BP07,5,"{1, 2, 3}",True,0
21,BP07,6,"{1, 2, 3}",False,1
22,BP07,7,"{1, 2, 3}",False,2
23,BP07,8,"{1, 2, 3}",False,3
24,BP07,9,"{1, 2, 3}",False,4
25,BP07,10,"{1, 2, 3}",False,5
26,BP07,11,"{1, 2, 3}",False,6
27,BP07,12,"{1, 2, 3, 4}",True,0
28,BP07,13,"{1, 2, 3, 4}",False,1
29,BP07,14,"{1, 2, 3, 4}",False,2
30,BP07,15,"{1, 2, 3, 4, 5}",True,0
31,BP07,16,"{1, 2, 3, 4, 5}",False,1
32,BP07,17,"{1, 2, 3, 4, 5}",False,2
33,BP07,18,"{1, 2, 3, 4, 5}",False,3
34,BP07,19,"{1, 2, 3, 4, 5}",False,4
35,BP07,20,"{1, 2, 3, 4, 5}",False,5
36,BP07,21,"{1, 2, 3, 4, 5}",False,6
37,BP07,22,"{1, 2, 3, 4, 5}",False,7
38,BP07,23,"{1, 2, 3, 4, 5}",False,8
39,BP07,24,"{1, 2, 3, 4, 5}",False,9
40,BP07,25,"{1, 2, 3, 4, 5}",False,10
41,BP07,26,"{1, 2, 3, 4, 5}",False,11
42,BP07,27,"{1, 2, 3, 4, 5}",False,12
43,BP07,28,"{1, 2, 3, 4, 5}",False,13
44,BP08,1,"{1, 2}",True,0
45,BP08,2,"{1, 2}",False,1
46,BP08,3,"{1, 2}",False,2
47,BP08,4,"{1, 2}",False,3
48,BP08,5,"{1, 2, 3}",True,0
49,BP08,6,"{1, 2, 3}",False,1
50,BP08,7,"{1, 2, 3}",False,2
51,BP08,8,"{1, 2, 3, 4}",True,0
52,BP08,9,"{1, 2, 3, 4}",False,1
53,BP08,10,"{1, 2, 3, 4}",False,2
54,BP08,11,"{1, 2, 3, 4}",False,3
55,BP08,12,"{1, 2, 3, 4}",False,4
56,BP08,13,"{1, 2, 3, 4}",False,5
57,BP08,14,"{1, 2, 3, 4}",False,6
58,BP08,15,"{1, 2, 3, 4}",False,7
59,BP08,16,"{1, 2, 3, 4}",False,8
60,BP08,17,"{1, 2, 3, 4, 5}",True,0
61,BP08,18,"{1, 2, 3, 4, 5}",False,1
62,BP08,19,"{1, 2, 3, 4, 5}",False,2
63,BP08,20,"{1, 2, 3, 4, 5}",False,3
64,BP08,21,"{1, 2, 3, 4, 5}",False,4
65,BP08,22,"{1, 2, 3, 4, 5}",False,5
66,BP08,23,"{1, 2, 3, 4, 5}",False,6
67,BP08,24,"{1, 2, 3, 4, 5}",False,7
68,BP08,25,"{1, 2, 3, 4, 5}",False,8
69,BP08,26,"{1, 2, 3, 4, 5}",False,9
70,BP08,27,"{1, 2, 3, 4, 5}",False,10
71,BP08,28,"{1, 2, 3, 4, 5}",False,11
72,BP08,29,"{1, 2, 3, 4, 5}",False,12
73,BP08,30,"{1, 2, 3, 4, 5}",False,13
74,BP08,31,"{1, 2, 3, 4, 5}",False,14
75,BP08,32,"{1, 2, 3, 4, 5}",False,15
76,BP08,33,"{1, 2, 3, 4, 5}",False,16
77,BP08,34,"{1, 2, 3}",False,17
78,BP08,35,"{1, 2, 3}",False,18
79,BP08,36,"{1, 2, 3, 4}",False,19
80,BP08,37,"{1, 2, 3, 4}",False,20
81,BP08,39,"{1, 2, 3, 4, 5}",False,21
82,BP08,40,"{1, 2, 3, 4, 5}",False,22
83,BP08,41,"{1, 2, 3, 4, 5}",False,23
84,BP08,42,"{1, 2, 3, 4, 5}",False,24
85,BP08,44,"{1, 2, 3, 4, 5}",False,25
86,BP08,45,"{1, 2, 3, 4, 5}",False,26
87,BP08,46,"{1, 2, 3, 4, 5}",False,27
88,BP08,47,"{1, 2, 3, 4, 5}",False,28
89,BP08,48,"{1, 2, 3, 4, 5}",False,29
90,BP08,49,"{1, 2, 3, 4, 5}",False,30
91,BP08,50,"{1, 2, 3, 4, 5}",False,31
92,BP09,1,"{1, 2}",True,0
93,BP09,2,"{1, 2}",False,1
94,BP09,3,"{1, 2, 3}",True,0
95,BP09,4,"{1, 2, 3}",False,1
96,BP09,5,"{1, 2, 3, 4}",True,0
97,BP09,6,"{1, 2, 3, 4}",False,1
98,BP09,7,"{1, 2, 3, 4}",False,2
99,BP09,8,"{1, 2, 3, 4, 5}",True,0
100,BP09,9,"{1, 2, 3, 4, 5}",False,1
101,BP09,10,"{1, 2, 3, 4, 5}",False,2
102,BP09,11,"{1, 2, 3, 4, 5}",False,3
103,BP09,12,"{1, 2, 3, 4, 5}",False,4
104,BP09,13,"{1, 2, 3, 4, 5}",False,5
105,BP09,14,"{1, 2, 3, 4, 5}",False,6
106,BP09,15,"{1, 2, 3, 4, 5}",False,7
107,BP09,16,"{1, 2, 3, 4, 5}",False,8
108,BP09,17,"{1, 2, 3, 4, 5}",False,9
109,BP09,18,"{1, 2, 3, 4, 5}",False,10
110,BP09,19,"{1, 2, 3, 4, 5}",False,11
111,BP09,20,"{3, 4}",False,12
112,BP09,21,"{3, 4}",False,13
113,BP09,22,"{3, 4}",False,14
114,BP09,23,"{1, 2}",False,15
115,BP09,24,"{1, 2}",False,16
116,BP09,25,"{1, 2}",False,17
117,BP09,26,"{1, 2}",False,18
118,BP09,27,"{1, 2}",False,19
119,BP09,28,"{1, 2}",False,20
120,BP09,29,"{1, 2}",False,21
121,BP09,30,"{1, 2, 3}",False,22
122,BP09,31,"{1, 2, 3}",False,23
123,BP09,32,"{1, 2, 3}",False,24
124,BP09,33,"{1, 2, 3}",False,25
125,BP09,34,"{1, 2, 3}",False,26
126,BP09,35,"{1, 2, 3, 4}",False,27
127,BP09,36,"{1, 2, 3, 4}",False,28
128,BP09,37,"{1, 2, 3, 4}",False,29
129,BP09,38,"{1, 2, 3, 4}",False,30
130,BP10,1,"{1, 2}",True,0
131,BP10,2,"{1, 2}",False,1
132,BP10,3,"{1, 2}",False,2
133,BP10,4,"{1, 2, 3}",True,0
134,BP10,5,"{1, 2, 3}",False,1
135,BP10,6,"{1, 2, 3}",False,2
136,BP10,7,"{1, 2, 3, 4}",True,0
137,BP10,8,"{1, 2, 3, 4}",False,1
138,BP10,9,"{1, 2, 3, 4}",False,2
139,BP10,10,"{1, 2, 3, 4}",False,3
140,BP10,11,"{1, 2, 3, 4, 5}",True,0
141,BP10,12,"{1, 2, 3, 4, 5}",False,1
142,BP10,13,"{1, 2, 3, 4, 5}",False,2
143,BP10,14,"{1, 2, 3, 4, 5}",False,3
144,BP10,15,"{1, 2, 3}",False,4
145,BP10,16,"{1, 2, 3}",False,5
146,BP10,17,"{1, 2}",False,6
147,BP10,18,"{1, 2}",False,7
148,BP10,19,"{1, 2}",False,8
149,BP10,20,"{1, 2, 3, 4, 5}",False,9
150,BP10,21,"{1, 2, 3, 4, 5}",False,10
151,BP10,22,"{1, 2, 3, 4, 5}",False,11
152,BP10,23,"{1, 2, 3, 4, 5}",False,12
153,BP10,24,"{1, 2, 3, 4, 5}",False,13
154,BP10,25,"{1, 2, 3, 4, 5}",False,14
155,BP10,26,"{1, 2, 3, 4, 5}",False,15
156,BP10,27,"{1, 2, 3, 4, 5}",False,16
157,BP10,28,"{1, 2}",False,17
158,BP10,29,"{1, 2}",False,18
159,BP10,30,"{1, 2}",False,19
160,BP10,31,"{1, 2}",False,20
161,BP10,32,"{1, 2}",False,21
162,BP10,33,"{1, 2, 3}",False,22
163,BP10,34,"{1, 2, 3}",False,23
164,BP10,35,"{1, 2, 3}",False,24
165,BP10,36,"{1, 2, 3, 4}",False,25
166,BP10,37,"{1, 2, 3, 4}",False,26
167,BP10,38,"{1, 2, 3, 4}",False,27
168,BP10,39,"{1, 2, 3, 4}",False,28
169,BP10,40,"{1, 2, 3, 4}",False,29
170,BP10,41,"{1, 2, 3}",False,30
171,BP10,42,"{1, 2, 3}",False,31
172,BP10,43,"{1, 2, 3}",False,32
173,BP10,44,"{1, 2, 3}",False,33
174,BP10,45,"{1, 2, 3}",False,34
175,BP10,46,"{1, 2, 3, 4}",False,35
176,BP11,1,"{1, 2}",True,0
177,BP11,2,"{1, 2}",False,1
178,BP11,3,"{1, 2}",False,2
179,BP11,4,"{1, 2}",False,3
180,BP11,5,"{1, 2}",False,4
181,BP11,6,"{1, 2}",False,5
182,BP11,7,"{1, 2}",False,6
183,BP11,8,"{1, 2}",False,7
184,BP11,9,"{1, 2}",False,8
185,BP11,10,"{1, 2}",False,9
186,BP11,11,"{1, 2}",False,10
187,BP11,12,"{1, 2, 3}",True,0
188,BP11,13,"{1, 2, 3}",False,1
189,BP11,14,"{1, 2, 3}",False,2
190,BP11,15,"{1, 2, 3}",False,3
191,BP11,16,"{1, 2, 3}",False,4
192,BP11,17,"{1, 2, 3}",False,5
193,BP11,18,"{1, 2, 3}",False,6
194,BP11,19,"{1, 2, 3}",False,7
195,BP11,20,"{1, 2, 3}",False,8
196,BP11,21,"{1, 2, 3}",False,9
197,BP11,22,"{1, 2, 3}",False,10
198,BP11,23,"{1, 2, 3}",False,11
199,BP11,24,"{1, 2, 3, 4}",True,0
200,BP11,25,"{1, 2, 3, 4}",False,1
201,BP11,26,"{1, 2, 3, 4}",False,2
202,BP11,27,"{1, 2, 3, 4}",False,3
203,BP11,28,"{1, 2, 3, 4}",False,4
204,BP11,29,"{1, 4}",False,5
205,BP11,30,"{1, 2, 3, 4}",False,6
206,BP11,31,"{1, 2, 3, 4}",False,7
207,BP11,32,"{1, 2, 3, 4}",False,8
208,BP11,33,"{1, 2, 3, 4}",False,9
209,BP11,34,"{1, 2, 3, 4}",False,10
210,BP11,35,"{1, 2, 3, 4}",False,11
211,BP11,36,"{1, 2, 3, 4}",False,12
212,BP11,37,"{1, 2, 3, 4}",False,13
213,BP11,38,"{1, 2, 3, 4}",False,14
214,BP11,39,"{1, 2, 3, 4}",False,15
215,BP11,40,"{1, 2, 3, 4}",False,16
216,BP11,41,"{1, 2, 3, 4}",False,17
217,BP11,42,"{0, 1, 2, 3, 4}",True,0
218,BP11,43,"{0, 1, 2, 3, 4}",True,0
219,BP11,44,"{0, 1, 2, 3, 4}",False,1
220,BP11,45,"{0, 1, 2, 3, 4}",False,2
221,BP11,46,"{1, 2, 3, 4}",False,3
222,BP11,47,"{1, 2, 3, 4}",False,4
223,BP11,48,"{1, 2, 3, 4}",False,5
224,BP11,49,"{1, 2, 3, 4}",False,6
225,BP11,50,"{1, 2, 3, 4}",False,7
226,BP11,51,"{1, 2, 3, 4}",False,8
227,BP11,52,"{1, 2, 3, 4}",False,9
228,BP13,1,"{1, 2}",True,0
229,BP13,2,"{1, 2}",False,1
230,BP13,3,"{1, 2}",False,2
231,BP13,4,"{1, 2}",False,3
232,BP13,5,"{1, 2}",False,4
233,BP13,6,"{1, 2}",False,5
234,BP13,7,"{1, 2}",False,6
235,BP13,8,"{1, 2}",False,7
236,BP13,9,"{1, 2}",False,8
237,BP13,10,"{1, 2}",False,9
238,BP13,11,"{1, 2}",False,10
239,BP13,12,"{1, 2}",False,11
240,BP13,13,"{1, 2}",False,12
241,BP13,14,"{1, 2}",False,13
242,BP13,15,"{1, 2, 3}",True,0
243,BP13,16,"{1, 2, 3}",False,1
244,BP13,17,"{1, 2, 3}",False,2
245,BP13,18,"{1, 2, 3}",False,3
246,BP13,19,"{1, 2, 3, 4}",True,0
247,BP13,20,"{1, 2, 3, 4}",False,1
248,BP13,21,"{1, 2, 3, 4}",False,2
249,BP13,22,"{1, 2, 3, 4}",False,3
250,BP13,23,"{1, 2, 3, 4}",False,4
251,BP13,24,"{1, 2, 3, 4}",False,5
252,BP13,25,"{1, 2, 3, 4}",False,6
253,BP13,26,"{1, 2, 3, 4}",False,7
254,BP13,27,"{1, 2, 3, 4}",False,8
255,BP13,28,"{1, 2, 3, 4}",False,9
256,BP13,29,"{1, 2, 3, 4}",False,10
257,BP13,30,"{1, 2, 3, 4}",False,11
258,BP14,1,"{1, 2}",True,0
259,BP14,2,"{1, 2}",False,1
260,BP14,3,"{1, 2}",False,2
261,BP14,4,"{1, 2}",False,3
262,BP14,5,"{1, 2}",False,4
263,BP14,6,"{1, 2}",False,5
264,BP14,7,"{1, 2}",False,6
265,BP14,8,"{1, 2}",False,7
266,BP14,9,"{1, 2}",False,8
267,BP14,10,"{1, 2}",False,9
268,BP14,11,"{1, 2}",False,10
269,BP14,12,"{1, 2}",False,11
270,BP14,13,"{1, 2}",False,12
271,BP14,14,"{1, 2, 3}",True,0
272,BP14,15,"{1, 2, 3}",False,1
273,BP14,16,"{1, 2}",False,2
274,BP14,17,"{1, 2}",False,3
275,BP14,18,"{1, 2}",False,4
276,BP14,19,"{1, 2, 3}",False,5
277,BP14,20,"{1, 2, 3}",False,6
278,BP14,21,"{1, 2, 3}",False,7
279,BP15,1,"{1, 2}",True,0
280,BP15,2,"{1, 2}",False,1
281,BP15,3,"{1, 2}",False,2
282,BP15,4,"{1, 2}",False,3
283,BP15,5,"{1, 2}",False,4
284,BP15,6,"{1, 2}",False,5
285,BP15,7,"{1, 2}",False,6
286,BP15,8,"{1, 2}",False,7
287,BP15,9,"{1, 2, 3}",True,0
288,BP15,10,"{1, 2, 3}",False,1
289,BP15,11,"{1, 2, 3}",False,2
290,BP15,12,"{1, 2, 3}",False,3
291,BP15,13,"{1, 2, 3}",False,4
292,BP15,14,"{1, 2, 3, 4}",True,0
293,BP15,15,"{1, 2, 3, 4}",False,1
294,BP15,16,"{1, 2, 3, 4}",False,2
295,BP15,17,"{1, 2, 3, 4}",False,3
296,BP15,18,"{1, 2, 3, 4}",False,4
297,BP15,19,"{1, 2, 3, 4}",False,5
298,BP15,20,"{1, 2, 3, 4}",False,6
299,BP15,21,"{1, 2, 3, 4}",False,7
300,BP15,22,"{1, 2, 3, 4}",False,8
301,BP15,23,"{1, 2, 3, 4}",False,9
302,BP15,24,"{1, 2, 3, 4}",False,10
303,BP15,25,"{1, 2, 3, 4}",False,11
304,BP15,26,"{1, 2, 3, 4}",False,12
305,BP15,27,"{1, 2, 3, 4}",False,13
306,BP16,1,"{1, 2}",True,0
307,BP16,2,"{1, 2}",False,1
308,BP16,3,"{1, 2}",False,2
309,BP16,4,"{1, 2}",False,3
310,BP16,5,"{1, 2}",False,4
311,BP16,6,"{1, 2}",False,5
312,BP16,7,"{1, 2}",False,6
313,BP16,8,"{1, 2}",False,7
314,BP16,9,"{1, 2}",False,8
315,BP16,10,"{1, 2, 3}",True,0
316,BP16,11,"{1, 2, 3}",False,1
317,BP16,12,"{1, 2, 3}",False,2
318,BP16,13,"{1, 2, 3, 4}",True,0
319,BP16,14,"{1, 2, 3, 4}",False,1
320,BP16,15,"{1, 2, 3, 4}",False,2
321,BP16,16,"{1, 2, 3, 4}",False,3
322,BP16,17,"{1, 2, 3, 4}",False,4
323,BP16,18,"{1, 2, 3, 4}",False,5
324,BP16,19,"{1, 2, 3, 4}",False,6
325,BP19,1,"{1, 2}",True,0
326,BP19,2,"{1, 2}",False,1
327,BP19,3,"{1, 2}",False,2
328,BP19,4,"{1, 2}",False,3
329,BP19,5,"{1, 2}",False,4
330,BP19,6,"{1, 2}",False,5
331,BP19,7,"{1, 2}",False,6
332,BP19,8,"{1, 2}",False,7
333,BP19,9,"{1, 2}",False,8
334,BP19,10,"{1, 2}",False,9
335,BP19,11,"{1, 2, 3}",True,0
336,BP19,12,"{1, 2, 3}",False,1
337,BP19,13,"{1, 2, 3, 4}",True,0
338,BP19,14,"{1, 2, 3, 4}",False,1
339,BP19,15,"{1, 2, 3, 4}",False,2
340,BP19,16,"{1, 2, 3, 4}",False,3
341,BP19,17,"{1, 2, 3, 4}",False,4
342,BP19,18,"{1, 2, 3, 4}",False,5
343,BP19,19,"{1, 2, 3, 4}",False,6
344,BP19,20,"{1, 2, 3, 4}",False,7
345,BP19,21,"{1, 2, 3, 4}",False,8
346,BP19,22,"{1, 2, 3, 4}",False,9
347,BP19,23,"{1, 2, 3, 4}",False,10
348,BP19,24,"{1, 2, 3, 4}",False,11
349,BP19,25,"{1, 2, 3, 4}",False,12
350,BP19,26,"{1, 2, 3, 4}",False,13
351,BP19,27,"{1, 2, 3, 4}",False,14
352,BP19,28,"{1, 2, 3, 4}",False,15
353,BP19,29,"{1, 2, 3, 4}",False,16
354,BP19,30,"{1, 2, 3, 4}",False,17
355,BP19,31,"{1, 2, 3, 4}",False,18
356,BP19,32,"{1, 2, 3, 4}",False,19
357,BP19,33,"{1, 2, 3, 4}",False,20
358,BP19,34,"{1, 2, 3, 4}",False,21
359,BP19,35,"{1, 2, 3, 4}",False,22
360,BP19,36,"{1, 2, 3, 4}",False,23
361,BP19,37,"{1, 2, 3, 4}",False,24
362,BP19,38,"{1, 2, 3, 4}",False,25
363,BP19,39,"{1, 2, 3, 4}",False,26
364,BP19,40,"{1, 2, 3, 4}",False,27
365,BP19,41,"{1, 2, 3, 4}",False,28
366,BP19,42,"{1, 2, 3, 4}",False,29
367,BP21,1,"{1, 2}",True,0
368,BP21,2,"{1, 2}",False,1
369,BP21,3,"{1, 2}",False,2
370,BP21,4,"{1, 2}",False,3
371,BP21,5,"{1, 2}",False,4
372,BP21,6,"{1, 2}",False,5
373,BP21,7,"{1, 2}",False,6
374,BP21,8,"{1, 2}",False,7
375,BP21,9,"{1, 2}",False,8
376,BP21,10,"{1, 2}",False,9
377,BP21,11,"{1, 2}",False,10
378,BP21,12,"{1, 2, 3}",True,0
379,BP21,13,"{1, 2, 3}",False,1
380,BP21,14,"{1, 2, 3}",False,2
381,BP21,15,"{1, 2, 3}",False,3
382,BP21,16,"{1, 2, 3}",False,4
383,BP21,17,"{1, 2, 3}",False,5
384,BP21,18,"{1, 2, 3}",False,6
385,BP21,19,"{1, 2, 3}",False,7
386,BP21,20,"{1, 2, 3}",False,8
387,BP21,21,"{1, 2, 3}",False,9
388,BP21,22,"{1, 2, 3}",False,10
389,BP21,23,"{1, 2, 3}",False,11
390,BP21,24,"{1, 2, 3}",False,12
391,BP21,25,"{1, 2, 3}",False,13
392,BP21,26,"{1, 2, 3}",False,14
393,BP21,27,"{1, 2, 3, 4}",True,0
394,BP21,28,"{1, 2, 3, 4}",False,1
395,BP21,29,"{1, 2, 3, 4}",False,2
396,BP21,30,"{1, 2, 3, 4}",False,3
397,BP21,31,"{1, 2, 3, 4}",False,4
398,BP21,32,"{1, 2, 3, 4}",False,5
399,BP21,33,"{1, 2, 3, 4}",False,6
400,BP21,34,"{1, 2, 3, 4}",False,7
401,BP21,35,"{1, 2, 3, 4}",False,8
402,BP21,36,"{1, 2, 3, 4}",False,9
403,BP21,37,"{1, 2, 3, 4}",False,10
404,BP21,38,"{1, 2, 3, 4}",False,11
405,BP21,39,"{1, 2, 3, 4}",False,12
406,BP21,40,"{1, 2, 3, 4}",False,13
407,BP21,41,"{1, 2, 3, 4}",False,14
408,BP21,42,"{1, 2, 3, 4}",False,15
409,BP21,43,"{1, 2, 3, 4}",False,16
410,BP21,44,"{1, 2, 3, 4}",False,17
411,BP21,45,"{1, 2, 3, 4}",False,18
412,BP21,46,"{1, 2, 3, 4}",False,19
413,BP21,47,"{1, 2, 3, 4}",False,20
414,BP21,48,"{1, 2, 3, 4}",False,21
415,BP21,49,"{1, 2, 3, 4}",False,22
416,BP21,50,"{1, 2, 3, 4}",False,23
417,BP21,51,"{1, 2, 3, 4}",False,24
418,BP21,52,"{1, 2, 3, 4}",False,25
419,BP21,53,"{1, 2, 3, 4}",False,26
420,BP22,1,"{1, 2}",True,0
421,BP22,2,"{1, 2}",False,1
422,BP22,3,"{1, 2}",False,2
423,BP22,4,"{1, 2}",False,3
424,BP22,5,"{1, 2}",False,4
425,BP22,6,"{1, 2}",False,5
426,BP22,7,"{1, 2}",False,6
427,BP22,8,"{1, 2, 3}",True,0
428,BP22,9,"{1, 2, 3}",False,1
429,BP22,10,"{1, 2, 3}",False,2
430,BP22,11,"{1, 2, 3, 4}",True,0
431,BP22,12,"{1, 2, 3, 4}",False,1
432,BP22,13,"{1, 2, 3, 4}",False,2
433,BP22,14,"{1, 2, 3, 4}",False,3
434,BP22,15,"{1, 2, 3, 4}",False,4
435,BP22,16,"{1, 2, 3, 4}",False,5
436,BP22,17,"{1, 2, 3, 4}",False,6
437,BP22,18,"{1, 2, 3, 4}",False,7
438,BP22,19,"{1, 2, 3, 4}",False,8
439,BP22,20,"{1, 2, 3, 4}",False,9
440,BP22,21,"{1, 2, 3, 4}",False,10
441,BP22,22,"{1, 2, 3, 4}",False,11
442,BP22,23,"{1, 2, 3, 4}",False,12
443,BP22,24,"{1, 2, 3, 4}",False,13
444,BP22,25,"{1, 2, 3, 4}",False,14
445,BP22,26,"{1, 2, 3, 4}",False,15
446,BP22,27,"{1, 2, 3, 4}",False,16
447,BP22,28,"{1, 2, 3, 4}",False,17
448,BP22,29,"{1, 2, 3, 4}",False,18
449,BP22,30,"{1, 2, 3, 4}",False,19
450,BP22,31,"{1, 2, 3, 4}",False,20
451,BP22,32,"{1, 2, 3, 4}",False,21
452,BP22,33,"{1, 2, 3, 4}",False,22
453,BP22,34,"{1, 2, 3, 4}",False,23
454,BP22,35,"{1, 2, 3, 4}",False,24
455,BP22,36,"{1, 2, 3, 4}",False,25
456,BP22,37,"{1, 2, 3, 4}",False,26
457,BP22,38,"{1, 2, 3, 4}",False,27
458,BP22,39,"{1, 2, 3, 4}",False,28
459,BP22,40,"{1, 2, 3, 4}",False,29
460,BP22,41,"{1, 2, 3, 4}",False,30
461,BP22,42,"{1, 2, 3, 4}",False,31
462,BP22,43,"{1, 2, 3, 4}",False,32
463,BP22,44,"{1, 2, 3, 4}",False,33
464,BP22,45,"{1, 2, 3, 4}",False,34
465,BP22,46,"{1, 2, 3, 4}",False,35
466,BP22,47,"{1, 2, 3, 4}",False,36
467,BP22,48,"{1, 2, 3, 4}",False,37
468,BP22,49,"{1, 2, 3, 4}",False,38
469,BP22,50,"{1, 2, 3, 4}",False,39
470,TH405,1,"{1, 2}",True,0
471,TH405,2,"{1, 2}",False,1
472,TH405,3,"{1, 2}",False,2
473,TH405,4,"{1, 2}",False,3
474,TH405,5,"{1, 2}",False,4
475,TH405,6,"{1, 2}",False,5
476,TH405,7,"{1, 2}",False,6
477,TH405,8,"{1, 2, 3}",True,0
478,TH405,9,"{1, 2, 3}",False,1
479,TH405,10,"{1, 2, 3}",False,2
480,TH405,11,"{1, 2, 3}",False,3
481,TH405,12,"{1, 2, 3}",False,4
482,TH405,13,"{1, 2, 3}",False,5
483,TH405,14,"{1, 2, 3}",False,6
484,TH405,15,"{1, 2, 3}",False,7
485,TH405,16,"{1, 2, 3}",False,8
486,TH405,17,"{1, 2, 3, 4}",True,0
487,TH405,18,"{1, 2, 3, 4}",False,1
488,TH405,19,"{1, 2, 3, 4}",False,2
489,TH405,20,"{1, 2, 3, 4}",False,3
490,TH405,21,"{1, 2, 3, 4}",False,4
491,TH405,22,"{1, 2, 3, 4}",False,5
492,TH405,23,"{1, 2, 3, 4}",False,6
493,TH405,24,"{1, 2, 3, 4}",False,7
494,TH405,25,"{1, 2, 3, 4}",False,8
495,TH405,26,"{1, 2, 3, 4}",False,9
496,TH405,27,"{1, 2, 3, 4}",False,10
497,TH405,28,"{1, 2, 3, 4}",False,11
498,TH405,29,"{1, 2, 3, 4}",False,12
499,TH405,30,"{1, 2, 3, 4}",False,13
500,TH405,31,"{1, 2, 3, 4}",False,14
501,TH405,32,"{1, 2, 3, 4}",False,15
502,TH405,33,"{1, 2, 3, 4}",False,16
503,TH405,34,"{1, 2, 3, 4}",False,17
504,TH405,35,"{1, 2, 3, 4}",False,18
505,TH508,1,"{1, 2}",True,0
506,TH508,2,"{1, 2}",False,1
507,TH508,3,"{1, 2}",False,2
508,TH508,4,"{1, 2}",False,3
509,TH508,5,"{1, 2}",False,4
510,TH508,6,"{1, 2}",False,5
511,TH508,7,"{1, 2}",False,6
512,TH508,8,"{1, 2}",False,7
513,TH508,9,"{1, 2}",False,8
514,TH508,10,"{1, 2}",False,9
515,TH508,11,"{1, 2}",False,10
516,TH508,12,"{1, 2}",False,11
517,TH508,13,"{1, 2}",False,12
518,TH508,14,"{1, 2}",False,13
519,TH508,15,"{1, 2}",False,14
520,TH508,16,"{1, 2}",False,15
521,TH508,17,"{1, 2, 3}",True,0
522,TH508,18,"{1, 2, 3}",False,1
523,TH508,19,"{1, 2, 3}",False,2
524,TH508,20,"{1, 2, 3}",False,3
525,TH508,21,"{1, 2, 3}",False,4
526,TH508,22,"{1, 2, 3, 4}",True,0
527,TH508,23,"{1, 2, 3, 4}",False,1
528,TH508,24,"{1, 2, 3, 4}",False,2
529,TH508,25,"{1, 2, 3, 4}",False,3
530,TH508,26,"{1, 2, 3, 4}",False,4
531,TH508,27,"{1, 2, 3, 4}",False,5
532,TH508,28,"{1, 2, 3, 4}",False,6
533,TH508,29,"{1, 2, 3, 4}",False,7
534,TH508,30,"{1, 2, 3, 4}",False,8
535,TH508,31,"{1, 2, 3, 4}",False,9
536,TH508,32,"{1, 2, 3, 4}",False,10
537,TH508,33,"{1, 2, 3, 4}",False,11
538,TH508,34,"{1, 2, 3, 4}",False,12
539,TH508,35,"{1, 2, 3, 4}",False,13
540,TH508,36,"{1, 2, 3, 4}",False,14
541,TH508,37,"{1, 2, 3, 4}",False,15
542,TH508,38,"{1, 2, 3, 4}",False,16
543,TH510,1,"{1, 2}",True,0
544,TH510,2,"{1, 2}",False,1
545,TH510,3,"{1, 2}",False,2
546,TH510,4,"{1, 2}",False,3
547,TH510,5,"{1, 2}",False,4
548,TH510,6,"{1, 2, 3}",True,0
549,TH510,7,"{1, 2, 3}",False,1
550,TH510,8,"{1, 2, 3, 4}",True,0
551,TH510,9,"{1, 2, 3, 4}",False,1
552,TH605,1,"{1, 2}",True,0
553,TH605,2,"{1, 2}",False,1
554,TH605,3,"{1, 2}",False,2
555,TH605,4,"{1, 2}",False,3
556,TH605,5,"{1, 2}",False,4
557,TH605,6,"{1, 2, 3}",True,0
558,TH605,7,"{1, 2, 3}",False,1
559,TH605,8,"{1, 2, 3}",False,2
560,TH605,9,"{1, 2, 3}",False,3
561,TH605,10,"{1, 2, 3, 4}",True,0
562,TH605,11,"{1, 2, 3, 4}",False,1
563,TH605,12,"{1, 2, 3, 4}",False,2
564,TH605,13,"{1, 2, 3, 4}",False,3
565,TH605,14,"{1, 2, 3, 4}",False,4
566,TH605,15,"{1, 2, 3, 4}",False,5
567,TH605,16,"{1, 2, 3, 4}",False,6
568,TH605,17,"{1, 2, 3, 4}",False,7
569,TH605,18,"{1, 2, 3, 4}",False,8
570,TH605,19,"{1, 2, 3, 4}",False,9
571,TH605,20,"{1, 2, 3, 4}",False,10
572,TH605,21,"{1, 2, 3, 4}",False,11
573,TH605,22,"{1, 2, 3, 4}",False,12
574,TH605,23,"{1, 2, 3, 4}",False,13
575,TH605,24,"{1, 2, 3, 4}",False,14
576,TH605,25,"{1, 2, 3, 4}",False,15
577,TH605,26,"{1, 2, 3, 4}",False,16
578,TH605,27,"{1, 2, 3, 4}",False,17
579,TH605,28,"{1, 2, 3, 4}",False,18
580,TH605,29,"{1, 2, 3, 4}",False,19
581,TH608,1,"{1, 2}",True,0
582,TH608,2,"{1, 2}",False,1
583,TH608,3,set(),False,2
584,TH608,4,"{1, 2, 3}",True,0
585,TH608,5,"{1, 2, 3}",True,0
586,TH608,6,"{1, 2, 3}",False,1
587,TH608,7,"{1, 2, 3}",False,2
588,TH608,8,"{1, 2, 3}",False,3
589,TH608,9,"{1, 2, 3}",False,4
590,TH608,10,"{1, 2, 3}",False,5
591,TH608,11,"{1, 2, 3}",False,6
592,TH608,12,"{1, 2, 3}",False,7
593,TH608,13,"{1, 2, 3}",False,8
594,TH608,14,"{1, 2, 3}",False,9
595,TH608,15,"{1, 2, 3, 4}",True,0
596,TH608,16,"{1, 2, 3, 4}",False,1
597,TH608,17,"{1, 2, 3, 4}",False,2
598,TH608,18,"{1, 2, 3, 4}",False,3
599,TH608,19,"{1, 2, 3, 4}",False,4
600,TH608,20,"{1, 2, 3, 4}",False,5
601,TH608,21,"{1, 2, 3, 4}",False,6
602,TH608,22,"{1, 2, 3, 4}",False,7
603,TH608,23,"{1, 2, 3, 4}",False,8
604,TH608,24,"{1, 2, 3, 4}",False,9
605,TH608,25,"{1, 2, 3, 4}",False,10
606,TH608,26,"{1, 2, 3, 4}",False,11
607,TH608,27,"{1, 2, 3, 4}",False,12
608,TH608,28,"{1, 2, 3, 4}",False,13
609,TH608,29,"{1, 2, 3, 4}",False,14
610,TH608,30,"{1, 2, 3, 4}",False,15
611,TH608,31,"{1, 2, 3, 4}",False,16
612,TH608,32,"{1, 2, 3, 4}",False,17
613,TH608,33,"{1, 2, 3, 4}",False,18
614,TH608,34,"{1, 2, 3, 4}",False,19
615,TH608,35,"{1, 2, 3, 4}",False,20
616,TH608,36,"{1, 2, 3, 4}",False,21
